{
  "getLogout-0" : {
    "transaction" : "getLogout-0",
    "sampleCount" : 300,
    "errorCount" : 0,
    "errorPct" : 0.0,
    "meanResTime" : 320.94,
    "medianResTime" : 278.0,
    "minResTime" : 7.0,
    "maxResTime" : 687.0,
    "pct1ResTime" : 628.0,
    "pct2ResTime" : 656.9,
    "pct3ResTime" : 681.97,
    "throughput" : 63.411540900443875,
    "receivedKBytesPerSec" : 23.28392517438174,
    "sentKBytesPerSec" : 11.58003725428028
  },
  " getLogin" : {
    "transaction" : " getLogin",
    "sampleCount" : 300,
    "errorCount" : 0,
    "errorPct" : 0.0,
    "meanResTime" : 438.7299999999999,
    "medianResTime" : 500.5,
    "minResTime" : 39.0,
    "maxResTime" : 799.0,
    "pct1ResTime" : 706.0,
    "pct2ResTime" : 723.9,
    "pct3ResTime" : 770.97,
    "throughput" : 61.1870283499898,
    "receivedKBytesPerSec" : 50.25223715072405,
    "sentKBytesPerSec" : 11.114050071384867
  },
  "getIndex" : {
    "transaction" : "getIndex",
    "sampleCount" : 300,
    "errorCount" : 0,
    "errorPct" : 0.0,
    "meanResTime" : 1327.5033333333336,
    "medianResTime" : 1457.5,
    "minResTime" : 2.0,
    "maxResTime" : 3078.0,
    "pct1ResTime" : 2817.0,
    "pct2ResTime" : 2911.35,
    "pct3ResTime" : 3061.87,
    "throughput" : 56.46527385657821,
    "receivedKBytesPerSec" : 34.46366812535291,
    "sentKBytesPerSec" : 9.539543337097685
  },
  "Total" : {
    "transaction" : "Total",
    "sampleCount" : 1800,
    "errorCount" : 0,
    "errorPct" : 0.0,
    "meanResTime" : 599.4816666666666,
    "medianResTime" : 477.0,
    "minResTime" : 2.0,
    "maxResTime" : 3078.0,
    "pct1ResTime" : 1150.8000000000002,
    "pct2ResTime" : 1810.9499999999925,
    "pct3ResTime" : 2880.96,
    "throughput" : 332.77870216306155,
    "receivedKBytesPerSec" : 258.3584650582363,
    "sentKBytesPerSec" : 76.31594911259013
  },
  "getLogout-1" : {
    "transaction" : "getLogout-1",
    "sampleCount" : 300,
    "errorCount" : 0,
    "errorPct" : 0.0,
    "meanResTime" : 333.35999999999996,
    "medianResTime" : 263.5,
    "minResTime" : 3.0,
    "maxResTime" : 748.0,
    "pct1ResTime" : 669.8000000000001,
    "pct2ResTime" : 708.95,
    "pct3ResTime" : 729.98,
    "throughput" : 63.33122229259025,
    "receivedKBytesPerSec" : 52.01324018366054,
    "sentKBytesPerSec" : 11.503522799240026
  },
  "postLogin" : {
    "transaction" : "postLogin",
    "sampleCount" : 300,
    "errorCount" : 0,
    "errorPct" : 0.0,
    "meanResTime" : 520.0600000000004,
    "medianResTime" : 532.5,
    "minResTime" : 27.0,
    "maxResTime" : 925.0,
    "pct1ResTime" : 878.9000000000001,
    "pct2ResTime" : 907.0,
    "pct3ResTime" : 919.99,
    "throughput" : 61.74109899156205,
    "receivedKBytesPerSec" : 52.45581652603416,
    "sentKBytesPerSec" : 18.329388763119983
  },
  "getLogout" : {
    "transaction" : "getLogout",
    "sampleCount" : 300,
    "errorCount" : 0,
    "errorPct" : 0.0,
    "meanResTime" : 656.296666666667,
    "medianResTime" : 575.5,
    "minResTime" : 11.0,
    "maxResTime" : 1249.0,
    "pct1ResTime" : 1138.9,
    "pct2ResTime" : 1175.85,
    "pct3ResTime" : 1238.96,
    "throughput" : 63.224446786090624,
    "receivedKBytesPerSec" : 75.14077318229715,
    "sentKBytesPerSec" : 23.029998682824026
  }
}