{
  "getLogout-0" : {
    "transaction" : "getLogout-0",
    "sampleCount" : 300,
    "errorCount" : 0,
    "errorPct" : 0.0,
    "meanResTime" : 430.4266666666664,
    "medianResTime" : 432.5,
    "minResTime" : 18.0,
    "maxResTime" : 784.0,
    "pct1ResTime" : 735.9000000000001,
    "pct2ResTime" : 757.0,
    "pct3ResTime" : 779.98,
    "throughput" : 68.60278984678709,
    "receivedKBytesPerSec" : 25.19008689686714,
    "sentKBytesPerSec" : 12.528048536473817
  },
  " getLogin" : {
    "transaction" : " getLogin",
    "sampleCount" : 300,
    "errorCount" : 0,
    "errorPct" : 0.0,
    "meanResTime" : 495.1133333333331,
    "medianResTime" : 533.5,
    "minResTime" : 27.0,
    "maxResTime" : 873.0,
    "pct1ResTime" : 740.6000000000001,
    "pct2ResTime" : 775.0,
    "pct3ResTime" : 845.94,
    "throughput" : 64.8508430609598,
    "receivedKBytesPerSec" : 53.26128809987029,
    "sentKBytesPerSec" : 11.779547665369648
  },
  "getIndex" : {
    "transaction" : "getIndex",
    "sampleCount" : 300,
    "errorCount" : 0,
    "errorPct" : 0.0,
    "meanResTime" : 1142.0699999999997,
    "medianResTime" : 877.0,
    "minResTime" : 3.0,
    "maxResTime" : 2890.0,
    "pct1ResTime" : 2659.9,
    "pct2ResTime" : 2719.75,
    "pct3ResTime" : 2843.71,
    "throughput" : 57.350411011278915,
    "receivedKBytesPerSec" : 35.003912970751294,
    "sentKBytesPerSec" : 9.689083110303958
  },
  "Total" : {
    "transaction" : "Total",
    "sampleCount" : 1800,
    "errorCount" : 0,
    "errorPct" : 0.0,
    "meanResTime" : 624.7566666666654,
    "medianResTime" : 569.5,
    "minResTime" : 3.0,
    "maxResTime" : 2890.0,
    "pct1ResTime" : 1194.9,
    "pct2ResTime" : 1445.5999999999985,
    "pct3ResTime" : 2710.0,
    "throughput" : 338.3458646616541,
    "receivedKBytesPerSec" : 262.68062734962405,
    "sentKBytesPerSec" : 77.59266329887218
  },
  "getLogout-1" : {
    "transaction" : "getLogout-1",
    "sampleCount" : 300,
    "errorCount" : 0,
    "errorPct" : 0.0,
    "meanResTime" : 338.91333333333336,
    "medianResTime" : 281.5,
    "minResTime" : 7.0,
    "maxResTime" : 860.0,
    "pct1ResTime" : 563.8000000000004,
    "pct2ResTime" : 624.95,
    "pct3ResTime" : 773.99,
    "throughput" : 81.03727714748784,
    "receivedKBytesPerSec" : 66.55502937601297,
    "sentKBytesPerSec" : 14.719661669367909
  },
  "postLogin" : {
    "transaction" : "postLogin",
    "sampleCount" : 300,
    "errorCount" : 0,
    "errorPct" : 0.0,
    "meanResTime" : 570.4033333333331,
    "medianResTime" : 679.0,
    "minResTime" : 27.0,
    "maxResTime" : 992.0,
    "pct1ResTime" : 903.9000000000001,
    "pct2ResTime" : 954.8,
    "pct3ResTime" : 987.95,
    "throughput" : 64.86486486486487,
    "receivedKBytesPerSec" : 55.1097972972973,
    "sentKBytesPerSec" : 19.256756756756758
  },
  "getLogout" : {
    "transaction" : "getLogout",
    "sampleCount" : 300,
    "errorCount" : 0,
    "errorPct" : 0.0,
    "meanResTime" : 771.6133333333337,
    "medianResTime" : 795.0,
    "minResTime" : 27.0,
    "maxResTime" : 1539.0,
    "pct1ResTime" : 1267.9,
    "pct2ResTime" : 1291.0,
    "pct3ResTime" : 1397.6300000000003,
    "throughput" : 68.47751654873318,
    "receivedKBytesPerSec" : 81.38392347637526,
    "sentKBytesPerSec" : 24.943470383474093
  }
}