{
  "getLogout-0" : {
    "transaction" : "getLogout-0",
    "sampleCount" : 300,
    "errorCount" : 0,
    "errorPct" : 0.0,
    "meanResTime" : 555.5666666666672,
    "medianResTime" : 467.0,
    "minResTime" : 143.0,
    "maxResTime" : 1005.0,
    "pct1ResTime" : 938.7,
    "pct2ResTime" : 969.8499999999999,
    "pct3ResTime" : 997.97,
    "throughput" : 69.14035492048859,
    "receivedKBytesPerSec" : 25.387474072366903,
    "sentKBytesPerSec" : 12.626217158331412
  },
  " getLogin" : {
    "transaction" : " getLogin",
    "sampleCount" : 300,
    "errorCount" : 0,
    "errorPct" : 0.0,
    "meanResTime" : 669.8533333333335,
    "medianResTime" : 670.5,
    "minResTime" : 36.0,
    "maxResTime" : 1060.0,
    "pct1ResTime" : 847.7,
    "pct2ResTime" : 957.5499999999995,
    "pct3ResTime" : 1046.9,
    "throughput" : 83.5421888053467,
    "receivedKBytesPerSec" : 68.61228592314119,
    "sentKBytesPerSec" : 15.174655388471177
  },
  "getIndex" : {
    "transaction" : "getIndex",
    "sampleCount" : 300,
    "errorCount" : 0,
    "errorPct" : 0.0,
    "meanResTime" : 926.2033333333336,
    "medianResTime" : 678.0,
    "minResTime" : 42.0,
    "maxResTime" : 2078.0,
    "pct1ResTime" : 1706.1000000000004,
    "pct2ResTime" : 1888.5,
    "pct3ResTime" : 2043.7600000000002,
    "throughput" : 89.47211452430659,
    "receivedKBytesPerSec" : 54.60944490008947,
    "sentKBytesPerSec" : 15.115894348344765
  },
  "Total" : {
    "transaction" : "Total",
    "sampleCount" : 1800,
    "errorCount" : 0,
    "errorPct" : 0.0,
    "meanResTime" : 774.8466666666669,
    "medianResTime" : 698.5,
    "minResTime" : 36.0,
    "maxResTime" : 2078.0,
    "pct1ResTime" : 1439.4000000000005,
    "pct2ResTime" : 1630.0,
    "pct3ResTime" : 1835.8100000000002,
    "throughput" : 318.9792663476874,
    "receivedKBytesPerSec" : 247.64503588516746,
    "sentKBytesPerSec" : 73.15133240297715
  },
  "getLogout-1" : {
    "transaction" : "getLogout-1",
    "sampleCount" : 300,
    "errorCount" : 0,
    "errorPct" : 0.0,
    "meanResTime" : 612.8633333333338,
    "medianResTime" : 538.0,
    "minResTime" : 331.0,
    "maxResTime" : 1035.0,
    "pct1ResTime" : 906.8000000000001,
    "pct2ResTime" : 1006.95,
    "pct3ResTime" : 1032.96,
    "throughput" : 75.642965204236,
    "receivedKBytesPerSec" : 62.12473997730711,
    "sentKBytesPerSec" : 13.739835476550681
  },
  "postLogin" : {
    "transaction" : "postLogin",
    "sampleCount" : 300,
    "errorCount" : 0,
    "errorPct" : 0.0,
    "meanResTime" : 713.8833333333328,
    "medianResTime" : 714.0,
    "minResTime" : 61.0,
    "maxResTime" : 1016.0,
    "pct1ResTime" : 913.7,
    "pct2ResTime" : 954.9,
    "pct3ResTime" : 994.97,
    "throughput" : 74.01924500370097,
    "receivedKBytesPerSec" : 62.88744448556625,
    "sentKBytesPerSec" : 21.974463360473724
  },
  "getLogout" : {
    "transaction" : "getLogout",
    "sampleCount" : 300,
    "errorCount" : 0,
    "errorPct" : 0.0,
    "meanResTime" : 1170.7099999999994,
    "medianResTime" : 1028.5,
    "minResTime" : 574.0,
    "maxResTime" : 1795.0,
    "pct1ResTime" : 1675.0,
    "pct2ResTime" : 1701.95,
    "pct3ResTime" : 1742.95,
    "throughput" : 64.23982869379014,
    "receivedKBytesPerSec" : 76.34753078158458,
    "sentKBytesPerSec" : 23.399859475374733
  }
}