{
  "getLogout-0" : {
    "transaction" : "getLogout-0",
    "sampleCount" : 300,
    "errorCount" : 0,
    "errorPct" : 0.0,
    "meanResTime" : 486.2699999999999,
    "medianResTime" : 504.5,
    "minResTime" : 12.0,
    "maxResTime" : 862.0,
    "pct1ResTime" : 758.7,
    "pct2ResTime" : 827.9,
    "pct3ResTime" : 846.96,
    "throughput" : 79.72362476747276,
    "receivedKBytesPerSec" : 29.273518469306406,
    "sentKBytesPerSec" : 11.211134732925858
  },
  " getLogin" : {
    "transaction" : " getLogin",
    "sampleCount" : 300,
    "errorCount" : 0,
    "errorPct" : 0.0,
    "meanResTime" : 586.9966666666668,
    "medianResTime" : 565.5,
    "minResTime" : 20.0,
    "maxResTime" : 972.0,
    "pct1ResTime" : 834.9000000000001,
    "pct2ResTime" : 853.95,
    "pct3ResTime" : 951.8900000000001,
    "throughput" : 84.55467869222097,
    "receivedKBytesPerSec" : 69.44383279312288,
    "sentKBytesPerSec" : 11.807928762683202
  },
  "getIndex" : {
    "transaction" : "getIndex",
    "sampleCount" : 300,
    "errorCount" : 0,
    "errorPct" : 0.0,
    "meanResTime" : 836.4533333333341,
    "medianResTime" : 534.0,
    "minResTime" : 179.0,
    "maxResTime" : 2058.0,
    "pct1ResTime" : 1881.8000000000002,
    "pct2ResTime" : 1907.9,
    "pct3ResTime" : 1996.9,
    "throughput" : 81.61044613710555,
    "receivedKBytesPerSec" : 49.57303284820457,
    "sentKBytesPerSec" : 10.360701169749728
  },
  "Total" : {
    "transaction" : "Total",
    "sampleCount" : 1800,
    "errorCount" : 0,
    "errorPct" : 0.0,
    "meanResTime" : 655.3177777777775,
    "medianResTime" : 574.0,
    "minResTime" : 12.0,
    "maxResTime" : 2058.0,
    "pct1ResTime" : 1244.8000000000002,
    "pct2ResTime" : 1475.9499999999998,
    "pct3ResTime" : 1901.99,
    "throughput" : 404.67625899280574,
    "receivedKBytesPerSec" : 313.98065141636687,
    "sentKBytesPerSec" : 72.97872639388488
  },
  "getLogout-1" : {
    "transaction" : "getLogout-1",
    "sampleCount" : 300,
    "errorCount" : 0,
    "errorPct" : 0.0,
    "meanResTime" : 484.03999999999974,
    "medianResTime" : 477.0,
    "minResTime" : 89.0,
    "maxResTime" : 951.0,
    "pct1ResTime" : 879.7,
    "pct2ResTime" : 896.95,
    "pct3ResTime" : 943.98,
    "throughput" : 77.1604938271605,
    "receivedKBytesPerSec" : 63.371069637345684,
    "sentKBytesPerSec" : 10.775342399691358
  },
  "postLogin" : {
    "transaction" : "postLogin",
    "sampleCount" : 300,
    "errorCount" : 0,
    "errorPct" : 0.0,
    "meanResTime" : 567.0566666666674,
    "medianResTime" : 717.0,
    "minResTime" : 78.0,
    "maxResTime" : 1206.0,
    "pct1ResTime" : 845.0,
    "pct2ResTime" : 860.0,
    "pct3ResTime" : 977.95,
    "throughput" : 81.2787862367922,
    "receivedKBytesPerSec" : 69.05521877539962,
    "sentKBytesPerSec" : 20.716565632619886
  },
  "getLogout" : {
    "transaction" : "getLogout",
    "sampleCount" : 300,
    "errorCount" : 0,
    "errorPct" : 0.0,
    "meanResTime" : 971.09,
    "medianResTime" : 1099.5,
    "minResTime" : 135.0,
    "maxResTime" : 1529.0,
    "pct1ResTime" : 1458.9,
    "pct2ResTime" : 1491.85,
    "pct3ResTime" : 1523.93,
    "throughput" : 76.9033581133043,
    "receivedKBytesPerSec" : 91.39783869520636,
    "sentKBytesPerSec" : 21.553968533709305
  }
}