{
  "getLogin" : {
    "transaction" : "getLogin",
    "sampleCount" : 300,
    "errorCount" : 0,
    "errorPct" : 0.0,
    "meanResTime" : 278.8366666666666,
    "medianResTime" : 296.0,
    "minResTime" : 28.0,
    "maxResTime" : 514.0,
    "pct1ResTime" : 460.80000000000007,
    "pct2ResTime" : 467.0,
    "pct3ResTime" : 490.8900000000001,
    "throughput" : 73.43941248470013,
    "receivedKBytesPerSec" : 60.31498623011016,
    "sentKBytesPerSec" : 10.255699204406366
  },
  "logout" : {
    "transaction" : "logout",
    "sampleCount" : 300,
    "errorCount" : 0,
    "errorPct" : 0.0,
    "meanResTime" : 550.6866666666667,
    "medianResTime" : 640.0,
    "minResTime" : 18.0,
    "maxResTime" : 794.0,
    "pct1ResTime" : 689.0,
    "pct2ResTime" : 700.95,
    "pct3ResTime" : 756.6600000000003,
    "throughput" : 75.4906894816306,
    "receivedKBytesPerSec" : 89.71891513588324,
    "sentKBytesPerSec" : 21.1580350402617
  },
  "getIndex" : {
    "transaction" : "getIndex",
    "sampleCount" : 300,
    "errorCount" : 0,
    "errorPct" : 0.0,
    "meanResTime" : 928.1300000000005,
    "medianResTime" : 739.5,
    "minResTime" : 80.0,
    "maxResTime" : 2062.0,
    "pct1ResTime" : 1583.5000000000002,
    "pct2ResTime" : 2021.6999999999994,
    "pct3ResTime" : 2059.9700000000003,
    "throughput" : 71.09004739336493,
    "receivedKBytesPerSec" : 43.180261404028435,
    "sentKBytesPerSec" : 9.025103672985782
  },
  "logout-0" : {
    "transaction" : "logout-0",
    "sampleCount" : 300,
    "errorCount" : 0,
    "errorPct" : 0.0,
    "meanResTime" : 244.10333333333332,
    "medianResTime" : 281.0,
    "minResTime" : 12.0,
    "maxResTime" : 477.0,
    "pct1ResTime" : 313.90000000000003,
    "pct2ResTime" : 325.0,
    "pct3ResTime" : 444.7900000000002,
    "throughput" : 75.60483870967742,
    "receivedKBytesPerSec" : 27.761151713709676,
    "sentKBytesPerSec" : 10.631930443548388
  },
  "logout-1" : {
    "transaction" : "logout-1",
    "sampleCount" : 300,
    "errorCount" : 0,
    "errorPct" : 0.0,
    "meanResTime" : 306.43,
    "medianResTime" : 344.0,
    "minResTime" : 6.0,
    "maxResTime" : 475.0,
    "pct1ResTime" : 419.0,
    "pct2ResTime" : 423.0,
    "pct3ResTime" : 444.95000000000005,
    "throughput" : 77.29966503478485,
    "receivedKBytesPerSec" : 63.485369427982484,
    "sentKBytesPerSec" : 10.794777441381088
  },
  "Total" : {
    "transaction" : "Total",
    "sampleCount" : 1800,
    "errorCount" : 0,
    "errorPct" : 0.0,
    "meanResTime" : 433.52777777777777,
    "medianResTime" : 338.0,
    "minResTime" : 6.0,
    "maxResTime" : 2062.0,
    "pct1ResTime" : 694.9000000000001,
    "pct2ResTime" : 1284.9499999999998,
    "pct3ResTime" : 1787.6000000000004,
    "throughput" : 419.67824667754724,
    "receivedKBytesPerSec" : 325.61813286896717,
    "sentKBytesPerSec" : 75.82077698764282
  },
  "postLogin" : {
    "transaction" : "postLogin",
    "sampleCount" : 300,
    "errorCount" : 0,
    "errorPct" : 0.0,
    "meanResTime" : 292.9799999999999,
    "medianResTime" : 334.0,
    "minResTime" : 22.0,
    "maxResTime" : 494.0,
    "pct1ResTime" : 447.80000000000007,
    "pct2ResTime" : 479.95,
    "pct3ResTime" : 489.99,
    "throughput" : 74.03751233958539,
    "receivedKBytesPerSec" : 62.90296458538994,
    "sentKBytesPerSec" : 19.015493891905233
  }
}