{
  "getLogout-0" : {
    "transaction" : "getLogout-0",
    "sampleCount" : 300,
    "errorCount" : 0,
    "errorPct" : 0.0,
    "meanResTime" : 444.1066666666666,
    "medianResTime" : 604.5,
    "minResTime" : 15.0,
    "maxResTime" : 817.0,
    "pct1ResTime" : 666.0,
    "pct2ResTime" : 691.0,
    "pct3ResTime" : 806.95,
    "throughput" : 63.8433709299851,
    "receivedKBytesPerSec" : 23.442487763353906,
    "sentKBytesPerSec" : 11.658896839753139
  },
  " getLogin" : {
    "transaction" : " getLogin",
    "sampleCount" : 300,
    "errorCount" : 0,
    "errorPct" : 0.0,
    "meanResTime" : 523.9033333333332,
    "medianResTime" : 655.0,
    "minResTime" : 27.0,
    "maxResTime" : 981.0,
    "pct1ResTime" : 870.8000000000001,
    "pct2ResTime" : 907.8499999999999,
    "pct3ResTime" : 976.9300000000001,
    "throughput" : 59.218318199763125,
    "receivedKBytesPerSec" : 48.63535703711015,
    "sentKBytesPerSec" : 10.75645232925385
  },
  "getIndex" : {
    "transaction" : "getIndex",
    "sampleCount" : 300,
    "errorCount" : 0,
    "errorPct" : 0.0,
    "meanResTime" : 1644.0333333333333,
    "medianResTime" : 1596.5,
    "minResTime" : 135.0,
    "maxResTime" : 3673.0,
    "pct1ResTime" : 3270.5,
    "pct2ResTime" : 3339.65,
    "pct3ResTime" : 3539.98,
    "throughput" : 52.58545135845749,
    "receivedKBytesPerSec" : 31.944805817265557,
    "sentKBytesPerSec" : 8.884065512708151
  },
  "Total" : {
    "transaction" : "Total",
    "sampleCount" : 1800,
    "errorCount" : 0,
    "errorPct" : 0.0,
    "meanResTime" : 696.864444444446,
    "medianResTime" : 587.0,
    "minResTime" : 11.0,
    "maxResTime" : 3673.0,
    "pct1ResTime" : 1482.2000000000007,
    "pct2ResTime" : 1624.9499999999998,
    "pct3ResTime" : 3324.98,
    "throughput" : 309.86400413152006,
    "receivedKBytesPerSec" : 240.420138739456,
    "sentKBytesPerSec" : 71.06093454122913
  },
  "getLogout-1" : {
    "transaction" : "getLogout-1",
    "sampleCount" : 300,
    "errorCount" : 0,
    "errorPct" : 0.0,
    "meanResTime" : 368.3766666666664,
    "medianResTime" : 477.0,
    "minResTime" : 11.0,
    "maxResTime" : 784.0,
    "pct1ResTime" : 589.0,
    "pct2ResTime" : 617.9,
    "pct3ResTime" : 641.95,
    "throughput" : 64.59948320413436,
    "receivedKBytesPerSec" : 53.05484899870801,
    "sentKBytesPerSec" : 11.733890503875969
  },
  "postLogin" : {
    "transaction" : "postLogin",
    "sampleCount" : 300,
    "errorCount" : 0,
    "errorPct" : 0.0,
    "meanResTime" : 388.0199999999999,
    "medianResTime" : 447.0,
    "minResTime" : 32.0,
    "maxResTime" : 988.0,
    "pct1ResTime" : 641.7,
    "pct2ResTime" : 724.5999999999999,
    "pct3ResTime" : 838.99,
    "throughput" : 63.411540900443875,
    "receivedKBytesPerSec" : 53.87503963221307,
    "sentKBytesPerSec" : 18.82530120481928
  },
  "getLogout" : {
    "transaction" : "getLogout",
    "sampleCount" : 300,
    "errorCount" : 0,
    "errorPct" : 0.0,
    "meanResTime" : 812.7466666666664,
    "medianResTime" : 1095.0,
    "minResTime" : 26.0,
    "maxResTime" : 1594.0,
    "pct1ResTime" : 1247.0,
    "pct2ResTime" : 1271.95,
    "pct3ResTime" : 1406.8300000000002,
    "throughput" : 63.69426751592356,
    "receivedKBytesPerSec" : 75.69914410828025,
    "sentKBytesPerSec" : 23.20113455414013
  }
}