{
  "getLogout-0" : {
    "transaction" : "getLogout-0",
    "sampleCount" : 300,
    "errorCount" : 0,
    "errorPct" : 0.0,
    "meanResTime" : 337.71,
    "medianResTime" : 358.5,
    "minResTime" : 13.0,
    "maxResTime" : 845.0,
    "pct1ResTime" : 443.60000000000014,
    "pct2ResTime" : 768.9,
    "pct3ResTime" : 837.9100000000001,
    "throughput" : 69.04487917146145,
    "receivedKBytesPerSec" : 25.352416570771002,
    "sentKBytesPerSec" : 9.709436133486767
  },
  " getLogin" : {
    "transaction" : " getLogin",
    "sampleCount" : 300,
    "errorCount" : 0,
    "errorPct" : 0.0,
    "meanResTime" : 321.29333333333324,
    "medianResTime" : 333.5,
    "minResTime" : 7.0,
    "maxResTime" : 789.0,
    "pct1ResTime" : 437.90000000000003,
    "pct2ResTime" : 530.55,
    "pct3ResTime" : 787.8500000000001,
    "throughput" : 70.09345794392523,
    "receivedKBytesPerSec" : 57.56699036214953,
    "sentKBytesPerSec" : 9.788441880841122
  },
  "getIndex" : {
    "transaction" : "getIndex",
    "sampleCount" : 300,
    "errorCount" : 0,
    "errorPct" : 0.0,
    "meanResTime" : 732.68,
    "medianResTime" : 536.5,
    "minResTime" : 13.0,
    "maxResTime" : 2119.0,
    "pct1ResTime" : 1773.8000000000002,
    "pct2ResTime" : 1958.6999999999998,
    "pct3ResTime" : 2078.7200000000003,
    "throughput" : 67.91940230925968,
    "receivedKBytesPerSec" : 41.257720525809376,
    "sentKBytesPerSec" : 8.622580371292733
  },
  "Total" : {
    "transaction" : "Total",
    "sampleCount" : 1800,
    "errorCount" : 0,
    "errorPct" : 0.0,
    "meanResTime" : 486.41388888888815,
    "medianResTime" : 373.0,
    "minResTime" : 7.0,
    "maxResTime" : 2119.0,
    "pct1ResTime" : 854.9000000000001,
    "pct2ResTime" : 1223.7999999999993,
    "pct3ResTime" : 1940.98,
    "throughput" : 385.7693956279469,
    "receivedKBytesPerSec" : 299.312220384162,
    "sentKBytesPerSec" : 69.56909022717531
  },
  "getLogout-1" : {
    "transaction" : "getLogout-1",
    "sampleCount" : 300,
    "errorCount" : 0,
    "errorPct" : 0.0,
    "meanResTime" : 427.3500000000002,
    "medianResTime" : 384.5,
    "minResTime" : 30.0,
    "maxResTime" : 884.0,
    "pct1ResTime" : 832.9000000000001,
    "pct2ResTime" : 852.95,
    "pct3ResTime" : 883.0,
    "throughput" : 68.6184812442818,
    "receivedKBytesPerSec" : 56.355608131290026,
    "sentKBytesPerSec" : 9.582463689387009
  },
  "postLogin" : {
    "transaction" : "postLogin",
    "sampleCount" : 300,
    "errorCount" : 0,
    "errorPct" : 0.0,
    "meanResTime" : 333.59000000000015,
    "medianResTime" : 349.5,
    "minResTime" : 9.0,
    "maxResTime" : 816.0,
    "pct1ResTime" : 426.30000000000024,
    "pct2ResTime" : 635.8499999999999,
    "pct3ResTime" : 800.97,
    "throughput" : 69.23609508423725,
    "receivedKBytesPerSec" : 58.82363547195938,
    "sentKBytesPerSec" : 17.647090641587813
  },
  "getLogout" : {
    "transaction" : "getLogout",
    "sampleCount" : 300,
    "errorCount" : 0,
    "errorPct" : 0.0,
    "meanResTime" : 765.8600000000005,
    "medianResTime" : 773.5,
    "minResTime" : 50.0,
    "maxResTime" : 1402.0,
    "pct1ResTime" : 1183.8000000000002,
    "pct2ResTime" : 1219.8,
    "pct3ResTime" : 1284.93,
    "throughput" : 68.30601092896175,
    "receivedKBytesPerSec" : 81.18009306693989,
    "sentKBytesPerSec" : 19.144360484972676
  }
}