{
  "getLogin" : {
    "transaction" : "getLogin",
    "sampleCount" : 300,
    "errorCount" : 0,
    "errorPct" : 0.0,
    "meanResTime" : 773.7666666666665,
    "medianResTime" : 969.0,
    "minResTime" : 17.0,
    "maxResTime" : 1484.0,
    "pct1ResTime" : 1155.8000000000002,
    "pct2ResTime" : 1210.1499999999999,
    "pct3ResTime" : 1264.92,
    "throughput" : 60.18054162487462,
    "receivedKBytesPerSec" : 49.425620611835505,
    "sentKBytesPerSec" : 8.404118605817452
  },
  "logout" : {
    "transaction" : "logout",
    "sampleCount" : 300,
    "errorCount" : 0,
    "errorPct" : 0.0,
    "meanResTime" : 1563.783333333332,
    "medianResTime" : 1739.5,
    "minResTime" : 176.0,
    "maxResTime" : 2513.0,
    "pct1ResTime" : 2151.8,
    "pct2ResTime" : 2305.9,
    "pct3ResTime" : 2498.9,
    "throughput" : 81.67710318540702,
    "receivedKBytesPerSec" : 97.07132282875034,
    "sentKBytesPerSec" : 22.891922474816226
  },
  "getIndex" : {
    "transaction" : "getIndex",
    "sampleCount" : 300,
    "errorCount" : 0,
    "errorPct" : 0.0,
    "meanResTime" : 1913.209999999999,
    "medianResTime" : 2075.0,
    "minResTime" : 29.0,
    "maxResTime" : 3840.0,
    "pct1ResTime" : 3359.100000000001,
    "pct2ResTime" : 3505.9,
    "pct3ResTime" : 3807.99,
    "throughput" : 48.17729243616509,
    "receivedKBytesPerSec" : 29.264568612493978,
    "sentKBytesPerSec" : 6.116257828810021
  },
  "logout-0" : {
    "transaction" : "logout-0",
    "sampleCount" : 300,
    "errorCount" : 0,
    "errorPct" : 0.0,
    "meanResTime" : 832.7166666666665,
    "medianResTime" : 895.5,
    "minResTime" : 98.0,
    "maxResTime" : 1486.0,
    "pct1ResTime" : 1126.0,
    "pct2ResTime" : 1330.9499999999987,
    "pct3ResTime" : 1479.96,
    "throughput" : 83.31019161344071,
    "receivedKBytesPerSec" : 30.59046098306026,
    "sentKBytesPerSec" : 11.7154956956401
  },
  "logout-1" : {
    "transaction" : "logout-1",
    "sampleCount" : 300,
    "errorCount" : 0,
    "errorPct" : 0.0,
    "meanResTime" : 727.1999999999999,
    "medianResTime" : 819.0,
    "minResTime" : 72.0,
    "maxResTime" : 1487.0,
    "pct1ResTime" : 1048.1000000000006,
    "pct2ResTime" : 1249.35,
    "pct3ResTime" : 1473.7400000000002,
    "throughput" : 111.81513231457323,
    "receivedKBytesPerSec" : 91.83254519194932,
    "sentKBytesPerSec" : 15.614808516585912
  },
  "Total" : {
    "transaction" : "Total",
    "sampleCount" : 1800,
    "errorCount" : 0,
    "errorPct" : 0.0,
    "meanResTime" : 1111.9622222222217,
    "medianResTime" : 981.0,
    "minResTime" : 17.0,
    "maxResTime" : 3840.0,
    "pct1ResTime" : 2084.0,
    "pct2ResTime" : 2111.95,
    "pct3ResTime" : 3487.98,
    "throughput" : 269.2192641340114,
    "receivedKBytesPerSec" : 208.88213244092134,
    "sentKBytesPerSec" : 48.638245961711036
  },
  "postLogin" : {
    "transaction" : "postLogin",
    "sampleCount" : 300,
    "errorCount" : 0,
    "errorPct" : 0.0,
    "meanResTime" : 861.0966666666671,
    "medianResTime" : 949.5,
    "minResTime" : 98.0,
    "maxResTime" : 1542.0,
    "pct1ResTime" : 1101.9,
    "pct2ResTime" : 1184.85,
    "pct3ResTime" : 1243.93,
    "throughput" : 59.53562214725144,
    "receivedKBytesPerSec" : 50.58202272276245,
    "sentKBytesPerSec" : 15.290887328835087
  }
}