{
  "getLogin" : {
    "transaction" : "getLogin",
    "sampleCount" : 300,
    "errorCount" : 0,
    "errorPct" : 0.0,
    "meanResTime" : 214.6966666666667,
    "medianResTime" : 230.5,
    "minResTime" : 36.0,
    "maxResTime" : 514.0,
    "pct1ResTime" : 293.80000000000007,
    "pct2ResTime" : 357.84999999999997,
    "pct3ResTime" : 502.8100000000002,
    "throughput" : 107.18113612004288,
    "receivedKBytesPerSec" : 88.0266948017149,
    "sentKBytesPerSec" : 14.9676781886388
  },
  "logout" : {
    "transaction" : "logout",
    "sampleCount" : 300,
    "errorCount" : 0,
    "errorPct" : 0.0,
    "meanResTime" : 440.513333333333,
    "medianResTime" : 443.0,
    "minResTime" : 70.0,
    "maxResTime" : 788.0,
    "pct1ResTime" : 681.8000000000001,
    "pct2ResTime" : 718.95,
    "pct3ResTime" : 749.0,
    "throughput" : 93.63295880149813,
    "receivedKBytesPerSec" : 111.28057701310861,
    "sentKBytesPerSec" : 26.242831226591758
  },
  "getIndex" : {
    "transaction" : "getIndex",
    "sampleCount" : 300,
    "errorCount" : 0,
    "errorPct" : 0.0,
    "meanResTime" : 820.54,
    "medianResTime" : 780.5,
    "minResTime" : 105.0,
    "maxResTime" : 1627.0,
    "pct1ResTime" : 1441.8000000000002,
    "pct2ResTime" : 1498.5,
    "pct3ResTime" : 1611.92,
    "throughput" : 109.1703056768559,
    "receivedKBytesPerSec" : 66.31065490811498,
    "sentKBytesPerSec" : 13.859511462882095
  },
  "logout-0" : {
    "transaction" : "logout-0",
    "sampleCount" : 300,
    "errorCount" : 0,
    "errorPct" : 0.0,
    "meanResTime" : 229.66666666666674,
    "medianResTime" : 226.0,
    "minResTime" : 33.0,
    "maxResTime" : 458.0,
    "pct1ResTime" : 343.0,
    "pct2ResTime" : 349.0,
    "pct3ResTime" : 357.98,
    "throughput" : 100.97610232245036,
    "receivedKBytesPerSec" : 37.07716257152474,
    "sentKBytesPerSec" : 14.19976438909458
  },
  "logout-1" : {
    "transaction" : "logout-1",
    "sampleCount" : 300,
    "errorCount" : 0,
    "errorPct" : 0.0,
    "meanResTime" : 210.68999999999988,
    "medianResTime" : 219.0,
    "minResTime" : 36.0,
    "maxResTime" : 397.0,
    "pct1ResTime" : 343.7000000000001,
    "pct2ResTime" : 370.9,
    "pct3ResTime" : 390.98,
    "throughput" : 101.11223458038423,
    "receivedKBytesPerSec" : 83.04237234580384,
    "sentKBytesPerSec" : 14.120165571284126
  },
  "Total" : {
    "transaction" : "Total",
    "sampleCount" : 1800,
    "errorCount" : 0,
    "errorPct" : 0.0,
    "meanResTime" : 360.1199999999995,
    "medianResTime" : 263.0,
    "minResTime" : 33.0,
    "maxResTime" : 1627.0,
    "pct1ResTime" : 705.6000000000004,
    "pct2ResTime" : 1220.7999999999993,
    "pct3ResTime" : 1471.95,
    "throughput" : 485.0444624090542,
    "receivedKBytesPerSec" : 376.3344512092428,
    "sentKBytesPerSec" : 87.63010307194827
  },
  "postLogin" : {
    "transaction" : "postLogin",
    "sampleCount" : 300,
    "errorCount" : 0,
    "errorPct" : 0.0,
    "meanResTime" : 244.6133333333332,
    "medianResTime" : 263.0,
    "minResTime" : 33.0,
    "maxResTime" : 421.0,
    "pct1ResTime" : 349.0,
    "pct2ResTime" : 353.0,
    "pct3ResTime" : 390.7700000000002,
    "throughput" : 102.38907849829351,
    "receivedKBytesPerSec" : 86.99072098976109,
    "sentKBytesPerSec" : 26.297194965870307
  }
}