{
  "getLogout-0" : {
    "transaction" : "getLogout-0",
    "sampleCount" : 300,
    "errorCount" : 0,
    "errorPct" : 0.0,
    "meanResTime" : 436.3566666666666,
    "medianResTime" : 410.5,
    "minResTime" : 22.0,
    "maxResTime" : 1273.0,
    "pct1ResTime" : 889.9000000000001,
    "pct2ResTime" : 899.0,
    "pct3ResTime" : 905.99,
    "throughput" : 49.77600796416127,
    "receivedKBytesPerSec" : 18.27712792434047,
    "sentKBytesPerSec" : 9.089954579392732
  },
  " getLogin" : {
    "transaction" : " getLogin",
    "sampleCount" : 300,
    "errorCount" : 0,
    "errorPct" : 0.0,
    "meanResTime" : 382.2733333333333,
    "medianResTime" : 378.5,
    "minResTime" : 20.0,
    "maxResTime" : 1289.0,
    "pct1ResTime" : 783.9000000000001,
    "pct2ResTime" : 801.6999999999999,
    "pct3ResTime" : 945.4100000000005,
    "throughput" : 49.693556402186516,
    "receivedKBytesPerSec" : 40.812774349842634,
    "sentKBytesPerSec" : 9.02636864336591
  },
  "getIndex" : {
    "transaction" : "getIndex",
    "sampleCount" : 300,
    "errorCount" : 0,
    "errorPct" : 0.0,
    "meanResTime" : 1801.6033333333326,
    "medianResTime" : 1031.5,
    "minResTime" : 214.0,
    "maxResTime" : 4056.0,
    "pct1ResTime" : 3903.8,
    "pct2ResTime" : 3993.95,
    "pct3ResTime" : 4031.99,
    "throughput" : 46.85303763860691,
    "receivedKBytesPerSec" : 28.482437431672654,
    "sentKBytesPerSec" : 7.9156010854287056
  },
  "Total" : {
    "transaction" : "Total",
    "sampleCount" : 1800,
    "errorCount" : 0,
    "errorPct" : 0.0,
    "meanResTime" : 716.9566666666656,
    "medianResTime" : 473.5,
    "minResTime" : 7.0,
    "maxResTime" : 4056.0,
    "pct1ResTime" : 1603.8000000000002,
    "pct2ResTime" : 3145.2499999999973,
    "pct3ResTime" : 3986.92,
    "throughput" : 277.0083102493075,
    "receivedKBytesPerSec" : 214.94744777239148,
    "sentKBytesPerSec" : 63.52615708679593
  },
  "getLogout-1" : {
    "transaction" : "getLogout-1",
    "sampleCount" : 300,
    "errorCount" : 0,
    "errorPct" : 0.0,
    "meanResTime" : 380.84666666666675,
    "medianResTime" : 228.5,
    "minResTime" : 7.0,
    "maxResTime" : 1342.0,
    "pct1ResTime" : 882.5000000000002,
    "pct2ResTime" : 1015.8499999999999,
    "pct3ResTime" : 1332.6500000000003,
    "throughput" : 49.91680532445923,
    "receivedKBytesPerSec" : 40.99612624792014,
    "sentKBytesPerSec" : 9.066919717138104
  },
  "postLogin" : {
    "transaction" : "postLogin",
    "sampleCount" : 300,
    "errorCount" : 0,
    "errorPct" : 0.0,
    "meanResTime" : 482.95999999999935,
    "medianResTime" : 507.0,
    "minResTime" : 30.0,
    "maxResTime" : 1377.0,
    "pct1ResTime" : 905.0,
    "pct2ResTime" : 1248.2499999999998,
    "pct3ResTime" : 1366.97,
    "throughput" : 49.6113775425831,
    "receivedKBytesPerSec" : 42.150291466843065,
    "sentKBytesPerSec" : 14.728377707954358
  },
  "getLogout" : {
    "transaction" : "getLogout",
    "sampleCount" : 300,
    "errorCount" : 0,
    "errorPct" : 0.0,
    "meanResTime" : 817.7,
    "medianResTime" : 624.5,
    "minResTime" : 31.0,
    "maxResTime" : 2145.0,
    "pct1ResTime" : 1687.7,
    "pct2ResTime" : 1819.9,
    "pct3ResTime" : 2137.8500000000004,
    "throughput" : 49.71826317533974,
    "receivedKBytesPerSec" : 59.088990512098114,
    "sentKBytesPerSec" : 18.11026578554856
  }
}