{
  "getLogin" : {
    "transaction" : "getLogin",
    "sampleCount" : 300,
    "errorCount" : 0,
    "errorPct" : 0.0,
    "meanResTime" : 362.68333333333345,
    "medianResTime" : 365.5,
    "minResTime" : 2.0,
    "maxResTime" : 536.0,
    "pct1ResTime" : 483.0,
    "pct2ResTime" : 490.95,
    "pct3ResTime" : 523.7900000000002,
    "throughput" : 86.50519031141867,
    "receivedKBytesPerSec" : 71.04576665224914,
    "sentKBytesPerSec" : 12.080314662629759
  },
  "logout" : {
    "transaction" : "logout",
    "sampleCount" : 300,
    "errorCount" : 0,
    "errorPct" : 0.0,
    "meanResTime" : 726.9266666666664,
    "medianResTime" : 664.5,
    "minResTime" : 40.0,
    "maxResTime" : 1114.0,
    "pct1ResTime" : 1097.0,
    "pct2ResTime" : 1105.95,
    "pct3ResTime" : 1112.0,
    "throughput" : 81.9000819000819,
    "receivedKBytesPerSec" : 97.33632780507781,
    "sentKBytesPerSec" : 22.954417485667488
  },
  "getIndex" : {
    "transaction" : "getIndex",
    "sampleCount" : 300,
    "errorCount" : 0,
    "errorPct" : 0.0,
    "meanResTime" : 496.36666666666645,
    "medianResTime" : 435.5,
    "minResTime" : 1.0,
    "maxResTime" : 1243.0,
    "pct1ResTime" : 1086.9,
    "pct2ResTime" : 1121.95,
    "pct3ResTime" : 1232.95,
    "throughput" : 85.95988538681948,
    "receivedKBytesPerSec" : 52.21559366045845,
    "sentKBytesPerSec" : 10.912876074498566
  },
  "logout-0" : {
    "transaction" : "logout-0",
    "sampleCount" : 300,
    "errorCount" : 0,
    "errorPct" : 0.0,
    "meanResTime" : 318.5133333333336,
    "medianResTime" : 252.5,
    "minResTime" : 27.0,
    "maxResTime" : 540.0,
    "pct1ResTime" : 472.0,
    "pct2ResTime" : 483.95,
    "pct3ResTime" : 527.99,
    "throughput" : 82.23684210526316,
    "receivedKBytesPerSec" : 30.196340460526315,
    "sentKBytesPerSec" : 11.564555921052632
  },
  "logout-1" : {
    "transaction" : "logout-1",
    "sampleCount" : 300,
    "errorCount" : 0,
    "errorPct" : 0.0,
    "meanResTime" : 407.9666666666667,
    "medianResTime" : 429.0,
    "minResTime" : 12.0,
    "maxResTime" : 694.0,
    "pct1ResTime" : 649.0,
    "pct2ResTime" : 667.95,
    "pct3ResTime" : 690.0,
    "throughput" : 82.53094910591471,
    "receivedKBytesPerSec" : 67.78176581843192,
    "sentKBytesPerSec" : 11.525318088033012
  },
  "Total" : {
    "transaction" : "Total",
    "sampleCount" : 1800,
    "errorCount" : 0,
    "errorPct" : 0.0,
    "meanResTime" : 453.77333333333326,
    "medianResTime" : 428.5,
    "minResTime" : 1.0,
    "maxResTime" : 1243.0,
    "pct1ResTime" : 887.9000000000001,
    "pct2ResTime" : 1076.0,
    "pct3ResTime" : 1118.0,
    "throughput" : 446.3178775105381,
    "receivedKBytesPerSec" : 346.2900795003719,
    "sentKBytesPerSec" : 80.63360091743118
  },
  "postLogin" : {
    "transaction" : "postLogin",
    "sampleCount" : 300,
    "errorCount" : 0,
    "errorPct" : 0.0,
    "meanResTime" : 410.18333333333334,
    "medianResTime" : 417.0,
    "minResTime" : 81.0,
    "maxResTime" : 646.0,
    "pct1ResTime" : 497.0,
    "pct2ResTime" : 514.6999999999999,
    "pct3ResTime" : 568.6700000000003,
    "throughput" : 81.47745790331341,
    "receivedKBytesPerSec" : 69.22401208582292,
    "sentKBytesPerSec" : 20.926339285714285
  }
}