{
  "getLogout-0" : {
    "transaction" : "getLogout-0",
    "sampleCount" : 300,
    "errorCount" : 0,
    "errorPct" : 0.0,
    "meanResTime" : 204.7266666666666,
    "medianResTime" : 193.0,
    "minResTime" : 13.0,
    "maxResTime" : 385.0,
    "pct1ResTime" : 311.0,
    "pct2ResTime" : 317.95,
    "pct3ResTime" : 341.9000000000001,
    "throughput" : 83.26394671107411,
    "receivedKBytesPerSec" : 30.57348043297252,
    "sentKBytesPerSec" : 11.708992506244796
  },
  " getLogin" : {
    "transaction" : " getLogin",
    "sampleCount" : 300,
    "errorCount" : 0,
    "errorPct" : 0.0,
    "meanResTime" : 292.46,
    "medianResTime" : 235.0,
    "minResTime" : 18.0,
    "maxResTime" : 616.0,
    "pct1ResTime" : 568.0,
    "pct2ResTime" : 582.95,
    "pct3ResTime" : 610.97,
    "throughput" : 90.74410163339383,
    "receivedKBytesPerSec" : 74.52713815789474,
    "sentKBytesPerSec" : 12.672272005444645
  },
  "getIndex" : {
    "transaction" : "getIndex",
    "sampleCount" : 300,
    "errorCount" : 0,
    "errorPct" : 0.0,
    "meanResTime" : 820.89,
    "medianResTime" : 384.5,
    "minResTime" : 2.0,
    "maxResTime" : 1917.0,
    "pct1ResTime" : 1710.6000000000004,
    "pct2ResTime" : 1787.1999999999998,
    "pct3ResTime" : 1867.91,
    "throughput" : 87.26003490401396,
    "receivedKBytesPerSec" : 53.00194971640489,
    "sentKBytesPerSec" : 11.077934118673648
  },
  "Total" : {
    "transaction" : "Total",
    "sampleCount" : 1800,
    "errorCount" : 0,
    "errorPct" : 0.0,
    "meanResTime" : 379.6216666666663,
    "medianResTime" : 295.0,
    "minResTime" : 2.0,
    "maxResTime" : 1917.0,
    "pct1ResTime" : 655.9000000000001,
    "pct2ResTime" : 1374.7999999999993,
    "pct3ResTime" : 1766.96,
    "throughput" : 448.654037886341,
    "receivedKBytesPerSec" : 348.09974373753744,
    "sentKBytesPerSec" : 80.90961490528416
  },
  "getLogout-1" : {
    "transaction" : "getLogout-1",
    "sampleCount" : 300,
    "errorCount" : 0,
    "errorPct" : 0.0,
    "meanResTime" : 240.38999999999987,
    "medianResTime" : 236.5,
    "minResTime" : 12.0,
    "maxResTime" : 586.0,
    "pct1ResTime" : 365.60000000000014,
    "pct2ResTime" : 469.95,
    "pct3ResTime" : 583.98,
    "throughput" : 83.31019161344071,
    "receivedKBytesPerSec" : 68.42174916689808,
    "sentKBytesPerSec" : 11.634138086642599
  },
  "postLogin" : {
    "transaction" : "postLogin",
    "sampleCount" : 300,
    "errorCount" : 0,
    "errorPct" : 0.0,
    "meanResTime" : 273.15666666666675,
    "medianResTime" : 196.0,
    "minResTime" : 21.0,
    "maxResTime" : 573.0,
    "pct1ResTime" : 531.0,
    "pct2ResTime" : 549.8499999999999,
    "pct3ResTime" : 571.98,
    "throughput" : 86.73026886383347,
    "receivedKBytesPerSec" : 73.68684952298352,
    "sentKBytesPerSec" : 22.106054856895057
  },
  "getLogout" : {
    "transaction" : "getLogout",
    "sampleCount" : 300,
    "errorCount" : 0,
    "errorPct" : 0.0,
    "meanResTime" : 446.10666666666685,
    "medianResTime" : 435.5,
    "minResTime" : 27.0,
    "maxResTime" : 713.0,
    "pct1ResTime" : 659.9000000000001,
    "pct2ResTime" : 675.0,
    "pct3ResTime" : 710.98,
    "throughput" : 82.98755186721992,
    "receivedKBytesPerSec" : 98.62876037344398,
    "sentKBytesPerSec" : 23.25920643153527
  }
}